Production_Order,Material,Plant,Quantity,Start_Date,End_Date
1,Aluminum,Asteraceae,687,7/3/2018,3/27/2022
2,Plastic,Asteraceae,841,1/23/2019,1/10/2021
3,Brass,Poaceae,989,2/2/2019,12/22/2022
4,Plastic,Fagaceae,456,2/23/2019,2/9/2022
5,Vinyl,Rosaceae,551,1/15/2019,9/16/2021
6,Brass,Moraceae,325,8/17/2018,5/24/2022
7,Glass,Brachytheciaceae,51,9/26/2018,5/17/2022
8,Brass,Onagraceae,910,9/24/2018,6/3/2020
9,Brass,Porpidiaceae,957,6/28/2018,4/9/2022
10,Rubber,Ranunculaceae,159,10/18/2018,8/26/2021
11,Rubber,Fontinalaceae,712,12/16/2018,6/12/2022
12,Glass,Orchidaceae,717,11/16/2018,1/22/2021
13,Glass,Caryophyllaceae,453,1/10/2019,3/19/2021
14,Steel,Pottiaceae,457,11/15/2018,9/12/2021
15,Wood,Scrophulariaceae,212,11/30/2018,2/14/2022
16,Plexiglass,Trapeliaceae,580,11/11/2018,11/27/2022
17,Vinyl,Opegraphaceae,699,12/5/2018,10/19/2020
18,Aluminum,Hippocastanaceae,33,8/23/2018,4/12/2022
19,Plexiglass,Asteraceae,590,9/4/2018,3/8/2022
20,Granite,Asteraceae,615,2/2/2019,3/15/2022
21,Granite,Fabaceae,392,2/13/2019,2/7/2023
22,Granite,Poaceae,147,11/28/2018,6/16/2020
23,Stone,Orchidaceae,824,1/11/2019,6/4/2022
24,Wood,Limnanthaceae,48,3/11/2019,12/15/2021
25,Glass,Agyriaceae,667,10/21/2018,10/3/2020
26,Granite,Asteraceae,890,6/15/2018,10/27/2020
27,Granite,Asteraceae,758,1/20/2019,12/4/2021
28,Plastic,Parmeliaceae,81,1/6/2019,7/20/2021
29,Granite,Cannaceae,300,7/8/2018,1/11/2022
30,Glass,Polypodiaceae,285,6/1/2018,12/27/2020
31,Granite,Teloschistaceae,797,2/22/2019,8/30/2021
32,Aluminum,Cornaceae,273,9/8/2018,2/5/2021
33,Glass,Polygonaceae,948,9/10/2018,9/12/2020
34,Plexiglass,Loasaceae,170,3/2/2019,7/30/2022
35,Plexiglass,Lecanoraceae,740,10/29/2018,12/4/2020
36,Aluminum,Amblystegiaceae,868,9/3/2018,11/28/2022
37,Vinyl,Asteraceae,685,7/13/2018,1/28/2022
38,Plexiglass,Vitaceae,732,2/5/2019,10/25/2022
39,Plastic,Asclepiadaceae,171,6/8/2018,3/22/2021
40,Rubber,Moraceae,282,6/8/2018,1/14/2022
41,Plastic,Rosaceae,130,7/6/2018,10/5/2021
42,Brass,Asclepiadaceae,175,2/4/2019,8/2/2020
43,Plastic,Polemoniaceae,26,3/20/2019,4/19/2021
44,Plastic,Hippocastanaceae,370,12/14/2018,9/27/2021
45,Plastic,Lamiaceae,495,11/29/2018,3/20/2023
46,Stone,Lamiaceae,163,11/1/2018,3/10/2021
47,Plexiglass,Fabaceae,623,3/21/2019,8/24/2020
48,Stone,Magnoliaceae,573,8/12/2018,8/3/2020
49,Rubber,Aspleniaceae,460,10/29/2018,1/28/2023
50,Stone,Encalyptaceae,792,3/13/2019,2/1/2023
51,Wood,Neckeraceae,404,3/24/2019,1/24/2021
52,Steel,Asteraceae,762,9/26/2018,1/21/2022
53,Vinyl,Bignoniaceae,104,1/5/2019,12/7/2021
54,Plastic,Poaceae,495,10/6/2018,9/22/2021
55,Steel,Scrophulariaceae,397,1/23/2019,2/9/2023
56,Steel,Cyperaceae,295,10/25/2018,10/21/2022
57,Granite,Myrtaceae,968,8/21/2018,2/8/2021
58,Plastic,Polygonaceae,661,9/29/2018,12/18/2021
59,Plexiglass,Onagraceae,309,11/15/2018,10/31/2020
60,Vinyl,Cyperaceae,347,8/17/2018,4/13/2022
61,Plastic,Cucurbitaceae,248,8/5/2018,7/17/2021
62,Plastic,Fabaceae,810,2/14/2019,4/9/2022
63,Brass,Isoetaceae,955,11/19/2018,3/21/2023
64,Vinyl,Amblystegiaceae,374,1/15/2019,9/10/2020
65,Plastic,Liliaceae,428,2/9/2019,5/6/2021
66,Plexiglass,Saxifragaceae,106,2/7/2019,10/11/2020
67,Vinyl,Asteraceae,309,8/2/2018,4/4/2021
68,Plastic,Asteraceae,834,1/22/2019,7/24/2020
69,Plastic,Portulacaceae,915,8/21/2018,9/23/2022
70,Granite,Rosaceae,858,12/21/2018,4/30/2021
71,Steel,Polygonaceae,704,1/24/2019,4/16/2022
72,Plastic,Malvaceae,482,10/9/2018,9/28/2020
73,Rubber,Brassicaceae,755,2/15/2019,5/3/2021
74,Wood,Elaeagnaceae,380,9/20/2018,2/24/2022
75,Stone,Hydrophyllaceae,984,1/10/2019,6/23/2020
76,Rubber,Ericaceae,788,8/17/2018,7/4/2021
77,Glass,Portulacaceae,2,11/19/2018,9/22/2020
78,Stone,Berberidaceae,914,7/30/2018,1/13/2023
79,Rubber,Caprifoliaceae,521,7/21/2018,1/21/2022
80,Vinyl,Caprifoliaceae,612,7/20/2018,8/25/2022
81,Vinyl,Salicaceae,429,11/22/2018,6/29/2021
82,Stone,Theaceae,883,3/9/2019,9/7/2020
83,Brass,Pteridaceae,465,6/7/2018,10/16/2020
84,Rubber,Poaceae,929,11/19/2018,6/19/2022
85,Brass,Lecanoraceae,695,2/4/2019,3/21/2023
86,Steel,Euphorbiaceae,958,7/2/2018,12/8/2021
87,Glass,Lamiaceae,995,12/12/2018,4/26/2022
88,Brass,Campanulaceae,889,11/21/2018,8/26/2020
89,Wood,Poaceae,941,6/10/2018,3/7/2023
90,Brass,Poaceae,881,8/25/2018,5/29/2022
91,Brass,Polygonaceae,703,8/29/2018,12/1/2020
92,Plastic,Liliaceae,633,12/27/2018,12/20/2021
93,Granite,Betulaceae,416,1/23/2019,2/20/2022
94,Plexiglass,Asteraceae,79,11/8/2018,7/31/2021
95,Steel,Asteraceae,618,2/20/2019,9/6/2022
96,Stone,Fabaceae,595,9/9/2018,6/12/2021
97,Rubber,Rosaceae,960,6/10/2018,7/22/2021
98,Aluminum,Brachytheciaceae,700,8/31/2018,10/13/2021
99,Wood,Brassicaceae,612,7/25/2018,6/18/2022
100,Rubber,Asteraceae,176,2/5/2019,1/27/2023
101,Granite,Rutaceae,901,12/18/2018,5/27/2021
102,Brass,Brassicaceae,332,6/19/2018,1/31/2022
103,Granite,Schizaeaceae,267,3/15/2019,10/3/2021
104,Granite,Cyperaceae,935,3/6/2019,12/27/2020
105,Rubber,Scrophulariaceae,424,9/2/2018,3/22/2021
106,Granite,Valerianaceae,912,1/28/2019,10/16/2022
107,Wood,Poaceae,762,11/1/2018,10/25/2022
108,Plexiglass,Tiliaceae,478,9/14/2018,9/12/2020
109,Vinyl,Asteraceae,380,2/5/2019,8/26/2021
110,Brass,Fabaceae,759,11/28/2018,12/7/2022
111,Plastic,Bromeliaceae,102,10/7/2018,12/6/2022
112,Aluminum,Amaranthaceae,673,8/2/2018,3/4/2021
113,Plastic,Crassulaceae,915,3/9/2019,4/16/2022
114,Steel,Pteridaceae,685,8/21/2018,5/24/2021
115,Wood,Asteraceae,915,2/6/2019,3/1/2021
116,Plastic,Fabaceae,509,12/26/2018,9/3/2021
117,Stone,Asteraceae,740,3/3/2019,2/27/2022
118,Vinyl,Fabaceae,511,10/9/2018,10/7/2022
119,Rubber,Campanulaceae,953,8/25/2018,1/13/2022
120,Vinyl,Agavaceae,639,11/15/2018,5/21/2022
121,Plastic,Ranunculaceae,715,9/22/2018,9/26/2020
122,Plastic,Clusiaceae,252,8/9/2018,6/19/2021
123,Brass,Boraginaceae,869,10/5/2018,8/31/2021
124,Aluminum,Convolvulaceae,774,7/7/2018,4/7/2021
125,Vinyl,Polygonaceae,305,11/5/2018,3/17/2023
126,Vinyl,Passifloraceae,213,12/19/2018,10/30/2021
127,Aluminum,Asteraceae,193,7/13/2018,10/25/2021
128,Steel,Cactaceae,965,3/11/2019,2/20/2021
129,Plexiglass,Euphorbiaceae,78,7/20/2018,8/8/2020
130,Plastic,Campanulaceae,792,2/15/2019,6/3/2021
131,Vinyl,Apiaceae,765,11/17/2018,5/18/2021
132,Glass,Amaranthaceae,705,2/10/2019,10/24/2020
133,Steel,Solanaceae,552,3/19/2019,9/22/2020
134,Plastic,Euphorbiaceae,802,6/18/2018,2/14/2021
135,Vinyl,Asclepiadaceae,155,1/22/2019,8/26/2021
136,Aluminum,Boraginaceae,588,10/30/2018,1/29/2021
137,Rubber,Brassicaceae,959,7/5/2018,7/12/2022
138,Wood,Goodeniaceae,110,9/1/2018,3/10/2023
139,Vinyl,Violaceae,839,1/13/2019,7/13/2022
140,Granite,Asteraceae,962,8/13/2018,9/10/2020
141,Vinyl,Apiaceae,23,12/3/2018,9/26/2020
142,Brass,Cyperaceae,306,7/3/2018,11/18/2021
143,Plexiglass,Grossulariaceae,285,10/30/2018,6/12/2020
144,Stone,Salicaceae,33,6/13/2018,11/30/2022
145,Steel,Oleaceae,610,6/7/2018,1/2/2022
146,Stone,Onagraceae,945,8/19/2018,10/8/2022
147,Steel,Poaceae,318,10/26/2018,11/6/2021
148,Brass,Poaceae,110,7/21/2018,3/30/2022
149,Brass,Rutaceae,345,2/19/2019,2/8/2022
150,Glass,Cyperaceae,633,9/3/2018,4/27/2022
151,Wood,Brassicaceae,106,6/10/2018,11/4/2020
152,Wood,Chenopodiaceae,600,11/30/2018,3/25/2021
153,Glass,Asteraceae,206,9/27/2018,2/5/2021
154,Plastic,Euphorbiaceae,186,6/4/2018,2/25/2021
155,Plastic,Poaceae,667,1/13/2019,7/13/2020
156,Vinyl,Oleaceae,609,8/26/2018,3/16/2021
157,Vinyl,Asclepiadaceae,927,1/29/2019,2/23/2022
158,Glass,Polemoniaceae,500,1/21/2019,6/26/2021
159,Brass,Orchidaceae,872,9/16/2018,2/15/2022
160,Granite,Asteraceae,461,2/1/2019,1/17/2023
161,Rubber,Linaceae,700,7/31/2018,1/27/2022
162,Plastic,Rhamnaceae,802,1/6/2019,6/18/2021
163,Plexiglass,Hypnaceae,812,10/29/2018,2/21/2022
164,Brass,Fabaceae,303,2/12/2019,10/24/2020
165,Aluminum,Ranunculaceae,478,7/11/2018,1/4/2022
166,Granite,Collemataceae,469,1/21/2019,2/27/2021
167,Granite,Poaceae,485,1/14/2019,10/13/2022
168,Steel,Asteraceae,905,9/18/2018,6/24/2020
169,Vinyl,Plagiotheciaceae,880,1/3/2019,2/16/2023
170,Plastic,Polemoniaceae,671,11/25/2018,8/1/2022
171,Brass,Ochnaceae,43,11/29/2018,5/11/2022
172,Rubber,Rubiaceae,355,2/22/2019,1/14/2022
173,Steel,Convolvulaceae,393,6/9/2018,4/12/2022
174,Brass,Droseraceae,635,1/9/2019,9/18/2020
175,Plexiglass,Solanaceae,674,12/1/2018,7/4/2020
176,Aluminum,Boraginaceae,373,12/22/2018,3/29/2022
177,Plexiglass,Sterculiaceae,152,12/20/2018,12/10/2021
178,Vinyl,Rosaceae,933,10/13/2018,5/22/2022
179,Plexiglass,Chenopodiaceae,370,10/15/2018,8/21/2020
180,Wood,Cyperaceae,672,8/13/2018,6/13/2022
181,Steel,Polygonaceae,515,10/1/2018,2/18/2021
182,Aluminum,Asteraceae,964,6/16/2018,4/10/2022
183,Vinyl,Grossulariaceae,736,3/25/2019,6/11/2022
184,Plastic,Trapeliaceae,859,7/28/2018,10/8/2022
185,Plexiglass,Poaceae,931,11/1/2018,9/27/2022
186,Rubber,Lecanoraceae,475,1/19/2019,12/21/2022
187,Plastic,Parmeliaceae,344,9/24/2018,2/7/2021
188,Plastic,Liliaceae,677,2/2/2019,9/18/2020
189,Brass,Ericaceae,366,8/11/2018,7/15/2021
190,Wood,Fabaceae,171,8/10/2018,7/26/2020
191,Aluminum,Cyperaceae,708,9/30/2018,8/27/2020
192,Rubber,Araceae,320,7/26/2018,3/12/2023
193,Rubber,Lichenotheliaceae,759,10/20/2018,8/15/2022
194,Plastic,Mycosphaerellaceae,716,2/20/2019,4/1/2022
195,Brass,Poaceae,409,7/3/2018,12/18/2022
196,Rubber,Boraginaceae,809,11/17/2018,3/2/2021
197,Plastic,Ericaceae,533,12/23/2018,10/29/2021
198,Aluminum,Orthotrichaceae,615,8/25/2018,7/10/2022
199,Wood,Poaceae,560,8/19/2018,5/12/2022
200,Rubber,Onagraceae,45,12/9/2018,10/20/2020
201,Stone,Asteraceae,29,10/3/2018,5/21/2021
202,Rubber,Anacardiaceae,715,11/27/2018,7/23/2022
203,Glass,Apocynaceae,329,3/4/2019,1/6/2023
204,Plastic,Loganiaceae,680,8/6/2018,3/9/2021
205,Aluminum,Brassicaceae,593,12/6/2018,10/23/2021
206,Stone,Campanulaceae,175,2/23/2019,10/8/2021
207,Steel,Opegraphaceae,668,8/1/2018,11/18/2022
208,Steel,Scrophulariaceae,532,9/21/2018,10/20/2020
209,Granite,Nyctaginaceae,889,1/7/2019,11/14/2020
210,Steel,Rosaceae,286,6/7/2018,8/27/2022
211,Stone,Lamiaceae,604,9/27/2018,11/9/2021
212,Plexiglass,Cuscutaceae,111,9/16/2018,1/8/2021
213,Granite,Caprifoliaceae,77,12/8/2018,11/1/2020
214,Plexiglass,Gentianaceae,864,7/30/2018,12/26/2021
215,Stone,Poaceae,772,12/10/2018,7/15/2021
216,Rubber,Umbilicariaceae,131,1/16/2019,2/20/2022
217,Plexiglass,Lecanoraceae,543,11/23/2018,9/22/2020
218,Stone,Asteraceae,812,11/1/2018,12/22/2021
219,Stone,Scrophulariaceae,704,12/8/2018,11/9/2022
220,Plastic,Campanulaceae,920,3/1/2019,11/7/2021
221,Glass,Poaceae,348,1/15/2019,3/30/2022
222,Granite,Nyctaginaceae,509,8/2/2018,10/13/2021
223,Granite,Fabaceae,411,11/21/2018,2/25/2021
224,Plastic,Rosaceae,336,12/2/2018,2/2/2023
225,Granite,Asteraceae,672,10/10/2018,4/12/2022
226,Granite,Fabaceae,633,3/15/2019,3/15/2021
227,Stone,Cucurbitaceae,878,10/27/2018,6/5/2020
228,Wood,Liliaceae,453,6/17/2018,12/20/2022
229,Glass,Polygonaceae,699,7/15/2018,8/20/2021
230,Granite,Cladoniaceae,885,6/8/2018,10/15/2022
231,Aluminum,Asteraceae,570,6/3/2018,11/10/2022
232,Wood,Campanulaceae,970,8/25/2018,6/22/2021
233,Plastic,Rosaceae,728,7/3/2018,8/28/2020
234,Stone,Tiliaceae,66,11/17/2018,1/26/2023
235,Wood,Polemoniaceae,253,9/14/2018,12/20/2021
236,Glass,Hydrophyllaceae,621,10/19/2018,10/10/2022
237,Plastic,Onagraceae,818,9/15/2018,3/22/2023
238,Plexiglass,Urticaceae,737,1/25/2019,11/5/2021
239,Brass,Vitaceae,343,10/14/2018,11/23/2022
240,Brass,Cyperaceae,55,3/11/2019,11/25/2022
241,Stone,Asteraceae,578,11/19/2018,6/30/2020
242,Granite,Gesneriaceae,715,11/3/2018,10/31/2022
243,Steel,Poaceae,618,6/3/2018,1/13/2021
244,Stone,Bryaceae,441,12/28/2018,2/23/2021
245,Brass,Malvaceae,951,6/11/2018,1/14/2022
246,Vinyl,Campanulaceae,374,3/19/2019,3/16/2023
247,Aluminum,Onagraceae,69,6/5/2018,5/29/2022
248,Wood,Sapotaceae,341,12/24/2018,1/2/2021
249,Wood,Asteraceae,938,6/5/2018,11/19/2022
250,Glass,Chenopodiaceae,562,2/18/2019,12/27/2021
251,Stone,Asteraceae,846,7/14/2018,5/28/2022
252,Stone,Malvaceae,38,6/1/2018,1/26/2023
253,Vinyl,Caryophyllaceae,870,2/21/2019,12/26/2022
254,Wood,Portulacaceae,828,2/16/2019,11/30/2021
255,Rubber,Asteraceae,919,8/10/2018,11/24/2022
256,Steel,Oleaceae,751,7/7/2018,4/10/2022
257,Aluminum,Celastraceae,689,10/25/2018,12/27/2022
258,Steel,Parmeliaceae,245,9/23/2018,8/28/2020
259,Vinyl,Myrtaceae,261,9/30/2018,12/9/2021
260,Wood,Verbenaceae,995,11/4/2018,10/19/2022
261,Rubber,Asclepiadaceae,646,8/10/2018,5/8/2021
262,Brass,Convolvulaceae,825,8/27/2018,12/4/2020
263,Plastic,Cyperaceae,477,9/29/2018,9/13/2020
264,Brass,Asteraceae,635,12/3/2018,5/9/2021
265,Plastic,Polemoniaceae,612,11/25/2018,8/29/2022
266,Brass,Asteraceae,690,6/14/2018,1/31/2022
267,Glass,Fabaceae,516,2/14/2019,1/23/2023
268,Brass,Asteraceae,401,6/10/2018,12/12/2020
269,Vinyl,Asteraceae,443,9/30/2018,12/11/2021
270,Aluminum,Celastraceae,186,7/22/2018,10/3/2020
271,Vinyl,Hydrocharitaceae,451,7/26/2018,9/12/2020
272,Plexiglass,Poaceae,587,7/31/2018,7/7/2020
273,Wood,Scrophulariaceae,394,9/4/2018,10/29/2021
274,Granite,Bromeliaceae,570,2/16/2019,1/28/2021
275,Plexiglass,Poaceae,626,12/13/2018,3/16/2022
276,Brass,Violaceae,718,11/9/2018,6/7/2020
277,Glass,Onagraceae,835,12/18/2018,7/10/2020
278,Rubber,Thelypteridaceae,547,11/15/2018,10/3/2020
279,Stone,Pteridaceae,132,7/18/2018,6/13/2020
280,Plexiglass,Lamiaceae,900,6/26/2018,7/23/2022
281,Granite,Pyrolaceae,486,6/17/2018,10/4/2022
282,Rubber,Plantaginaceae,954,2/24/2019,12/15/2020
283,Glass,Lamiaceae,991,6/18/2018,9/10/2021
284,Brass,Parmeliaceae,238,7/25/2018,8/29/2020
285,Plastic,Pterigynandraceae,187,12/5/2018,12/19/2021
286,Granite,Geraniaceae,574,1/28/2019,6/13/2021
287,Glass,Amblystegiaceae,701,7/22/2018,8/8/2020
288,Brass,Cactaceae,462,2/24/2019,1/13/2021
289,Aluminum,Chenopodiaceae,987,11/8/2018,6/14/2020
290,Glass,Euphorbiaceae,840,9/20/2018,12/10/2021
291,Rubber,Equisetaceae,172,12/27/2018,7/22/2021
292,Stone,Poaceae,389,11/12/2018,1/28/2023
293,Plexiglass,Hydrophyllaceae,832,10/21/2018,4/22/2021
294,Granite,Asteraceae,681,7/7/2018,8/19/2022
295,Steel,Orchidaceae,354,9/5/2018,10/26/2020
296,Steel,Sphagnaceae,490,9/12/2018,7/19/2020
297,Wood,Caryophyllaceae,106,10/20/2018,2/14/2022
298,Steel,Ericaceae,973,9/19/2018,10/20/2021
299,Glass,Scrophulariaceae,364,1/15/2019,4/17/2021
300,Wood,Asteraceae,568,7/26/2018,1/17/2021
301,Plexiglass,Polygonaceae,577,6/22/2018,10/23/2020
302,Plexiglass,Asteraceae,624,9/28/2018,3/1/2023
303,Aluminum,Amblystegiaceae,369,12/26/2018,8/28/2022
304,Wood,Fabaceae,172,11/4/2018,2/11/2021
305,Vinyl,Cyperaceae,430,7/30/2018,12/21/2021
306,Stone,Rosaceae,532,6/22/2018,3/9/2022
307,Vinyl,Fabaceae,311,2/13/2019,8/6/2020
308,Glass,Orchidaceae,100,1/17/2019,8/13/2022
309,Wood,Bryaceae,933,1/23/2019,7/4/2021
310,Granite,Saxifragaceae,298,8/1/2018,1/4/2022
311,Aluminum,Melastomataceae,295,7/12/2018,6/14/2020
312,Rubber,Apiaceae,320,8/28/2018,5/25/2021
313,Granite,Asteraceae,224,3/24/2019,1/12/2023
314,Brass,Moraceae,402,2/18/2019,4/25/2022
315,Plexiglass,Apiaceae,562,9/7/2018,12/12/2020
316,Stone,Pinaceae,976,2/23/2019,7/18/2022
317,Granite,Rhamnaceae,90,9/5/2018,1/12/2021
318,Plexiglass,Fabaceae,870,1/31/2019,10/18/2020
319,Aluminum,Polygonaceae,83,2/24/2019,3/15/2023
320,Brass,Vitaceae,494,10/20/2018,8/3/2021
321,Rubber,Orchidaceae,980,9/30/2018,1/30/2023
322,Vinyl,Lamiaceae,117,12/30/2018,6/4/2022
323,Vinyl,Pyrenulaceae,825,9/5/2018,3/25/2023
324,Vinyl,Cyperaceae,615,8/25/2018,7/15/2020
325,Plexiglass,Asteraceae,822,11/15/2018,12/17/2021
326,Glass,Selaginellaceae,465,9/26/2018,2/2/2021
327,Glass,Poaceae,493,11/25/2018,12/17/2021
328,Rubber,Solanaceae,735,9/17/2018,3/14/2022
329,Aluminum,Amblystegiaceae,814,1/25/2019,10/13/2021
330,Plexiglass,Sapindaceae,643,3/2/2019,7/30/2021
331,Brass,Scrophulariaceae,762,12/20/2018,12/31/2022
332,Vinyl,Asteraceae,305,9/4/2018,3/7/2022
333,Vinyl,Asteraceae,839,2/9/2019,6/8/2020
334,Glass,Fabaceae,244,6/30/2018,9/3/2022
335,Wood,Lecanoraceae,340,1/3/2019,1/3/2021
336,Brass,Poaceae,519,8/1/2018,10/22/2020
337,Wood,Cupressaceae,94,2/15/2019,2/27/2022
338,Plexiglass,Pyrenulaceae,90,8/24/2018,11/19/2022
339,Plastic,Gentianaceae,755,11/16/2018,4/18/2022
340,Glass,Poaceae,615,9/5/2018,1/17/2022
341,Aluminum,Asteraceae,359,2/4/2019,5/4/2022
342,Vinyl,Portulacaceae,7,12/11/2018,7/17/2021
343,Wood,Scrophulariaceae,28,9/3/2018,4/10/2021
344,Stone,Cactaceae,441,11/12/2018,4/23/2021
345,Steel,Scrophulariaceae,315,9/30/2018,10/23/2022
346,Plexiglass,Brassicaceae,111,6/23/2018,11/25/2021
347,Plexiglass,Asteraceae,517,9/16/2018,8/14/2020
348,Stone,Capparaceae,216,12/13/2018,2/14/2022
349,Plastic,Asteraceae,270,10/26/2018,5/29/2021
350,Aluminum,Micareaceae,948,9/23/2018,1/29/2022
351,Aluminum,Convolvulaceae,210,1/21/2019,2/5/2022
352,Rubber,Commelinaceae,879,3/16/2019,8/7/2021
353,Vinyl,Fabaceae,740,11/22/2018,6/3/2020
354,Glass,Cyperaceae,882,12/4/2018,1/4/2023
355,Rubber,Meliaceae,917,6/30/2018,11/16/2020
356,Wood,Asteraceae,61,9/11/2018,1/10/2022
357,Aluminum,Lecanoraceae,806,11/16/2018,4/8/2022
358,Vinyl,Pottiaceae,877,7/6/2018,8/23/2021
359,Brass,Asteraceae,916,1/12/2019,11/8/2020
360,Rubber,Juncaceae,54,1/13/2019,1/8/2023
361,Glass,Amaranthaceae,643,3/7/2019,2/22/2021
362,Brass,Iridaceae,306,6/16/2018,8/31/2021
363,Granite,Rubiaceae,498,10/18/2018,8/16/2022
364,Aluminum,Scrophulariaceae,734,2/8/2019,6/4/2022
365,Brass,Physciaceae,365,11/28/2018,1/3/2023
366,Plexiglass,Parmeliaceae,70,1/3/2019,9/8/2020
367,Plastic,Rosaceae,442,7/16/2018,9/2/2020
368,Granite,Simaroubaceae,758,7/11/2018,2/3/2022
369,Steel,Parmeliaceae,166,10/28/2018,9/16/2022
370,Plastic,Resedaceae,858,11/1/2018,2/11/2023
371,Stone,Fabaceae,517,11/22/2018,4/11/2021
372,Rubber,Poaceae,763,3/16/2019,12/18/2020
373,Brass,Pinaceae,445,9/25/2018,12/28/2022
374,Rubber,Grossulariaceae,626,8/18/2018,3/13/2021
375,Brass,Fissidentaceae,240,10/22/2018,3/9/2021
376,Plastic,Archidiaceae,370,12/24/2018,11/12/2021
377,Stone,Scrophulariaceae,606,7/4/2018,7/21/2021
378,Wood,Asteraceae,631,12/28/2018,2/28/2022
379,Stone,Asteraceae,164,10/19/2018,4/24/2021
380,Stone,Geraniaceae,162,12/23/2018,3/6/2021
381,Plastic,Polygonaceae,841,3/7/2019,9/4/2020
382,Vinyl,Isoetaceae,743,3/1/2019,12/2/2021
383,Steel,Asteraceae,907,11/11/2018,12/9/2022
384,Plastic,Asteraceae,972,11/7/2018,2/18/2022
385,Rubber,Asteraceae,637,10/12/2018,4/30/2021
386,Granite,Liliaceae,574,6/11/2018,4/2/2022
387,Glass,Fabaceae,452,10/16/2018,1/28/2021
388,Vinyl,Pterigynandraceae,762,10/16/2018,2/2/2022
389,Rubber,Valerianaceae,340,11/15/2018,4/26/2022
390,Rubber,Parmeliaceae,733,7/24/2018,2/17/2021
391,Stone,Polygonaceae,305,11/16/2018,2/3/2021
392,Wood,Ranunculaceae,318,10/21/2018,2/3/2022
393,Plastic,Pertusariaceae,359,11/5/2018,11/9/2020
394,Stone,Marantaceae,781,2/15/2019,4/7/2021
395,Aluminum,Cyperaceae,350,1/7/2019,4/17/2022
396,Aluminum,Malvaceae,670,11/16/2018,2/15/2023
397,Stone,Acanthaceae,647,6/9/2018,3/19/2023
398,Rubber,Fabaceae,251,8/23/2018,3/4/2023
399,Wood,Garryaceae,947,1/8/2019,1/31/2021
400,Brass,Lecanoraceae,365,8/18/2018,10/17/2021
401,Glass,Pittosporaceae,744,8/5/2018,12/31/2020
402,Plastic,Polygonaceae,781,6/30/2018,3/11/2023
403,Aluminum,Pottiaceae,401,7/5/2018,2/11/2023
404,Aluminum,Ericaceae,735,11/19/2018,8/23/2021
405,Rubber,Brassicaceae,515,7/22/2018,9/15/2022
406,Plexiglass,Violaceae,461,11/30/2018,12/4/2021
407,Stone,Poaceae,480,10/8/2018,11/20/2022
408,Plexiglass,Asteraceae,782,10/16/2018,1/25/2021
409,Vinyl,Fabaceae,492,12/22/2018,1/3/2023
410,Steel,Cactaceae,193,12/19/2018,10/6/2022
411,Steel,Rosaceae,10,3/1/2019,12/20/2020
412,Aluminum,Blechnaceae,357,1/8/2019,2/17/2023
413,Rubber,Myrsinaceae,29,8/9/2018,8/20/2020
414,Vinyl,Apiaceae,296,12/24/2018,1/20/2023
415,Plastic,Cyperaceae,951,9/15/2018,8/26/2022
416,Rubber,Arecaceae,623,2/17/2019,6/29/2021
417,Aluminum,Verrucariaceae,382,6/17/2018,11/2/2020
418,Steel,Rhamnaceae,168,7/12/2018,11/2/2020
419,Wood,Brassicaceae,598,1/20/2019,11/7/2022
420,Stone,Leskeaceae,608,12/3/2018,5/22/2021
421,Brass,Verrucariaceae,386,3/3/2019,2/21/2023
422,Glass,Euphorbiaceae,581,1/6/2019,10/1/2021
423,Plastic,Asteraceae,432,11/20/2018,6/23/2020
424,Aluminum,Rosaceae,938,12/11/2018,2/9/2022
425,Wood,Aquifoliaceae,10,10/29/2018,10/17/2020
426,Aluminum,Asteraceae,128,10/13/2018,6/3/2020
427,Granite,Rubiaceae,209,2/5/2019,10/23/2021
428,Plastic,Cyperaceae,524,9/7/2018,1/3/2022
429,Plexiglass,Rhamnaceae,395,8/23/2018,1/29/2023
430,Steel,Bryaceae,267,3/11/2019,12/25/2020
431,Vinyl,Iridaceae,691,8/21/2018,2/24/2022
432,Brass,Onagraceae,758,1/4/2019,5/11/2022
433,Steel,Cyperaceae,159,9/5/2018,7/10/2020
434,Glass,Pottiaceae,628,9/14/2018,4/4/2021
435,Vinyl,Poaceae,658,11/17/2018,11/24/2021
436,Granite,Asteraceae,988,1/31/2019,12/22/2021
437,Wood,Chenopodiaceae,700,10/11/2018,5/24/2021
438,Plastic,Poaceae,623,11/27/2018,9/8/2020
439,Plastic,Monotropaceae,100,7/24/2018,9/30/2020
440,Aluminum,Liliaceae,789,3/15/2019,11/9/2021
441,Plastic,Ranunculaceae,656,10/25/2018,3/19/2023
442,Plexiglass,Fabaceae,549,6/5/2018,11/20/2022
443,Granite,Eriocaulaceae,161,10/7/2018,3/8/2021
444,Wood,Apocynaceae,426,11/14/2018,4/11/2022
445,Stone,Pertusariaceae,58,1/12/2019,7/7/2021
446,Steel,Fabaceae,259,12/25/2018,3/29/2021
447,Granite,Verrucariaceae,900,7/15/2018,6/10/2022
448,Steel,Polygonaceae,927,10/2/2018,3/12/2022
449,Vinyl,Physciaceae,124,12/2/2018,12/22/2020
450,Plexiglass,Aristolochiaceae,609,7/1/2018,9/15/2020
451,Vinyl,Juncaceae,141,7/1/2018,9/10/2022
452,Wood,Amaranthaceae,556,11/13/2018,9/22/2021
453,Rubber,Fabaceae,873,11/13/2018,11/13/2020
454,Wood,Monotropaceae,786,6/5/2018,2/11/2021
455,Vinyl,Polygonaceae,72,3/11/2019,12/31/2021
456,Aluminum,Rosaceae,583,1/24/2019,2/22/2022
457,Wood,Lecanoraceae,187,9/3/2018,8/3/2021
458,Vinyl,Geraniaceae,235,12/27/2018,1/25/2021
459,Brass,Alismataceae,377,12/21/2018,4/5/2022
460,Rubber,Asteraceae,863,9/10/2018,4/15/2022
461,Stone,Poaceae,461,7/15/2018,5/7/2022
462,Vinyl,Agavaceae,71,3/6/2019,11/26/2022
463,Granite,Brassicaceae,162,9/19/2018,7/28/2020
464,Brass,Brassicaceae,253,2/4/2019,7/12/2020
465,Stone,Hydrophyllaceae,694,7/16/2018,7/9/2022
466,Plastic,Physciaceae,530,10/9/2018,3/9/2023
467,Plexiglass,Asteraceae,351,6/20/2018,12/10/2021
468,Brass,Uncertain Ascomycota Family,792,7/6/2018,6/16/2020
469,Steel,Portulacaceae,148,8/11/2018,8/28/2022
470,Granite,Myrtaceae,252,10/23/2018,11/13/2020
471,Plastic,Pterigynandraceae,974,1/17/2019,6/2/2020
472,Rubber,Rhizocarpaceae,487,6/5/2018,7/5/2021
473,Plastic,Fabaceae,792,1/14/2019,11/5/2020
474,Steel,Asteraceae,172,9/7/2018,6/14/2020
475,Granite,Hypnaceae,106,1/24/2019,3/27/2022
476,Glass,Boraginaceae,472,8/30/2018,10/13/2020
477,Plexiglass,Thelotremataceae,403,9/20/2018,10/26/2021
478,Plexiglass,Myrtaceae,34,6/22/2018,9/19/2020
479,Plexiglass,Saxifragaceae,714,9/30/2018,2/25/2021
480,Granite,Polemoniaceae,709,10/8/2018,7/9/2021
481,Glass,Rosaceae,916,3/8/2019,6/18/2022
482,Plastic,Magnoliaceae,434,10/5/2018,4/18/2021
483,Plastic,Haloragaceae,993,2/23/2019,4/2/2022
484,Stone,Orthotrichaceae,490,12/24/2018,9/4/2020
485,Aluminum,Poaceae,135,10/1/2018,7/15/2020
486,Steel,Asteraceae,841,3/7/2019,3/12/2022
487,Plastic,Poaceae,510,6/17/2018,5/29/2022
488,Brass,Fabaceae,325,12/25/2018,4/6/2022
489,Steel,Ericaceae,125,1/30/2019,1/28/2023
490,Plastic,Clusiaceae,694,11/23/2018,7/11/2020
491,Glass,Euphorbiaceae,519,3/15/2019,11/1/2021
492,Vinyl,Anemiaceae,924,12/17/2018,10/8/2021
493,Vinyl,Cyperaceae,960,10/24/2018,4/24/2021
494,Brass,Euphorbiaceae,169,11/3/2018,8/22/2021
495,Plastic,Leskeaceae,509,3/16/2019,12/19/2020
496,Rubber,Scrophulariaceae,257,7/4/2018,10/18/2022
497,Vinyl,Leskeaceae,450,8/21/2018,1/31/2021
498,Plastic,Cyperaceae,894,10/2/2018,1/15/2021
499,Steel,Rubiaceae,290,3/10/2019,6/22/2020
500,Plastic,Physciaceae,741,1/17/2019,9/5/2020
501,Vinyl,Acoraceae,363,10/5/2018,7/9/2021
502,Brass,Aizoaceae,979,12/15/2018,1/5/2023
503,Plexiglass,Saxifragaceae,334,10/5/2018,3/25/2023
504,Wood,Haemodoraceae,681,6/14/2018,7/29/2022
505,Granite,Sterculiaceae,846,2/2/2019,3/31/2022
506,Rubber,Violaceae,731,8/27/2018,7/16/2020
507,Rubber,Agavaceae,912,8/26/2018,11/5/2022
508,Glass,Rubiaceae,110,2/24/2019,3/29/2022
509,Steel,Asteraceae,1000,9/3/2018,1/26/2022
510,Brass,Primulaceae,726,1/17/2019,9/10/2021
511,Plastic,Melastomataceae,636,2/6/2019,1/29/2021
512,Aluminum,Violaceae,552,12/6/2018,5/19/2022
513,Vinyl,Cactaceae,879,11/11/2018,6/2/2022
514,Plastic,Passifloraceae,340,8/24/2018,12/7/2020
515,Brass,Malvaceae,142,6/5/2018,7/6/2021
516,Granite,Portulacaceae,839,8/31/2018,3/19/2021
517,Wood,Parmeliaceae,673,1/13/2019,2/22/2023
518,Brass,Cyperaceae,615,8/5/2018,9/30/2020
519,Steel,Thymelaeaceae,414,12/25/2018,10/25/2021
520,Brass,Euphorbiaceae,354,12/6/2018,7/12/2021
521,Plastic,Asteraceae,828,7/7/2018,7/8/2022
522,Plastic,Magnoliaceae,453,3/23/2019,11/8/2022
523,Vinyl,Ranunculaceae,850,6/3/2018,8/14/2021
524,Wood,Pteridaceae,520,11/5/2018,8/13/2021
525,Rubber,Saxifragaceae,21,10/29/2018,12/8/2021
526,Aluminum,Asteraceae,941,2/24/2019,9/10/2020
527,Plexiglass,Commelinaceae,754,10/19/2018,11/14/2020
528,Wood,Asteraceae,903,2/28/2019,12/30/2022
529,Steel,Polygonaceae,845,9/3/2018,12/20/2020
530,Aluminum,Hippocastanaceae,407,7/10/2018,12/1/2021
531,Plastic,Cyperaceae,636,10/6/2018,11/12/2022
532,Plexiglass,Rubiaceae,732,8/6/2018,3/4/2022
533,Glass,Asteraceae,140,6/6/2018,2/1/2023
534,Plastic,Solanaceae,239,1/8/2019,12/9/2022
535,Plexiglass,Pteridaceae,348,6/13/2018,2/10/2023
536,Plexiglass,Salicaceae,597,10/30/2018,9/11/2021
537,Steel,Boraginaceae,527,2/11/2019,12/19/2022
538,Wood,Dryopteridaceae,157,12/8/2018,5/21/2022
539,Stone,Rosaceae,970,8/16/2018,1/31/2021
540,Wood,Lamiaceae,780,9/9/2018,9/29/2020
541,Vinyl,Fabaceae,549,11/4/2018,11/22/2020
542,Wood,Dryopteridaceae,772,10/6/2018,6/6/2020
543,Vinyl,Fabaceae,891,10/10/2018,3/12/2022
544,Stone,Verbenaceae,134,7/6/2018,6/12/2021
545,Rubber,Brassicaceae,550,10/20/2018,12/17/2020
546,Brass,Asteraceae,375,8/1/2018,6/18/2021
547,Brass,Convolvulaceae,594,6/13/2018,4/20/2021
548,Vinyl,Polygonaceae,499,2/23/2019,8/12/2022
549,Aluminum,Ranunculaceae,199,1/20/2019,11/5/2020
550,Plastic,Asteraceae,248,6/1/2018,1/16/2023
551,Granite,Polygonaceae,879,3/20/2019,2/5/2023
552,Plexiglass,Rosaceae,310,11/12/2018,11/26/2020
553,Rubber,Physciaceae,727,2/21/2019,6/2/2020
554,Wood,Marantaceae,733,3/18/2019,2/21/2022
555,Granite,Caryophyllaceae,501,2/27/2019,8/11/2021
556,Rubber,Liliaceae,678,3/21/2019,12/21/2022
557,Wood,Asteraceae,286,8/26/2018,1/3/2021
558,Brass,Scrophulariaceae,639,3/5/2019,2/9/2022
559,Stone,Cyperaceae,71,11/1/2018,9/5/2020
560,Steel,Linaceae,444,10/9/2018,6/22/2022
561,Plexiglass,Lecanoraceae,272,9/14/2018,7/29/2020
562,Vinyl,Aspleniaceae,159,2/12/2019,11/20/2020
563,Plexiglass,Ebenaceae,512,11/8/2018,4/18/2022
564,Brass,Scrophulariaceae,119,9/24/2018,6/5/2022
565,Granite,Ranunculaceae,645,2/28/2019,9/23/2022
566,Rubber,Asteraceae,277,7/20/2018,6/2/2022
567,Vinyl,Cyperaceae,124,7/25/2018,7/4/2022
568,Plastic,Polypodiaceae,751,2/2/2019,8/22/2020
569,Brass,Melastomataceae,506,8/4/2018,4/16/2022
570,Aluminum,Selaginellaceae,319,9/15/2018,8/26/2021
571,Brass,Poaceae,538,9/20/2018,11/2/2020
572,Rubber,Asteraceae,595,9/23/2018,6/9/2021
573,Vinyl,Asteraceae,505,10/6/2018,12/14/2020
574,Glass,Aquifoliaceae,319,7/11/2018,9/16/2020
575,Wood,Dicranaceae,769,11/12/2018,5/12/2022
576,Wood,Marcgraviaceae,381,9/11/2018,11/22/2022
577,Plastic,Rosaceae,767,9/13/2018,9/24/2022
578,Stone,Brassicaceae,180,1/31/2019,9/28/2020
579,Stone,Brassicaceae,852,1/10/2019,1/29/2023
580,Plastic,Fabaceae,779,11/26/2018,5/22/2021
581,Granite,Fabaceae,397,12/31/2018,1/14/2021
582,Granite,Fagaceae,404,3/15/2019,8/15/2021
583,Stone,Sapindaceae,621,8/7/2018,11/17/2021
584,Wood,Asteraceae,722,11/18/2018,2/2/2022
585,Steel,Celastraceae,995,2/23/2019,3/31/2022
586,Vinyl,Pyrolaceae,385,7/5/2018,9/2/2020
587,Plastic,Asteraceae,892,12/9/2018,11/9/2021
588,Rubber,Fabaceae,585,8/8/2018,7/24/2022
589,Aluminum,Parmeliaceae,532,8/25/2018,12/13/2020
590,Wood,Asteraceae,367,12/2/2018,1/31/2022
591,Vinyl,Rubiaceae,603,11/5/2018,11/10/2021
592,Stone,Polygonaceae,64,8/1/2018,6/27/2022
593,Plastic,Pteridaceae,241,10/15/2018,4/8/2021
594,Aluminum,Crassulaceae,234,2/12/2019,8/15/2022
595,Vinyl,Lamiaceae,267,11/28/2018,8/10/2022
596,Plastic,Scrophulariaceae,785,2/3/2019,8/13/2021
597,Aluminum,Polygonaceae,45,8/15/2018,9/19/2020
598,Wood,Apiaceae,368,11/25/2018,4/12/2022
599,Vinyl,Aizoaceae,576,12/24/2018,10/18/2022
600,Plastic,Portulacaceae,495,11/12/2018,6/27/2020
601,Glass,Lichinaceae,714,10/10/2018,7/29/2022
602,Plexiglass,Ranunculaceae,731,1/24/2019,5/24/2021
603,Glass,Asteraceae,751,8/10/2018,3/31/2021
604,Stone,Fabaceae,807,11/1/2018,9/28/2022
605,Granite,Cyperaceae,835,2/28/2019,11/19/2020
606,Steel,Sarraceniaceae,642,7/15/2018,9/26/2022
607,Plexiglass,Scrophulariaceae,680,10/1/2018,1/1/2021
608,Rubber,Brassicaceae,517,7/2/2018,5/22/2022
609,Glass,Asteraceae,585,12/22/2018,12/13/2021
610,Glass,Rubiaceae,840,10/17/2018,3/30/2021
611,Steel,Liliaceae,653,6/26/2018,3/18/2023
612,Steel,Apiaceae,440,2/28/2019,8/1/2022
613,Glass,Cyperaceae,965,10/5/2018,8/23/2022
614,Rubber,Parmeliaceae,828,6/6/2018,7/3/2021
615,Plastic,Illiciaceae,188,8/20/2018,8/13/2022
616,Vinyl,Solanaceae,120,7/7/2018,2/1/2023
617,Aluminum,Poaceae,551,2/22/2019,8/15/2022
618,Stone,Potamogetonaceae,479,6/16/2018,10/20/2020
619,Glass,Cyperaceae,835,1/18/2019,5/19/2022
620,Aluminum,Apocynaceae,645,3/5/2019,12/20/2021
621,Brass,Apiaceae,909,11/17/2018,6/14/2020
622,Rubber,Brassicaceae,99,6/29/2018,7/30/2021
623,Plexiglass,Parmeliaceae,640,2/27/2019,9/23/2021
624,Wood,Scrophulariaceae,620,8/17/2018,10/5/2022
625,Steel,Asteraceae,402,10/31/2018,8/18/2022
626,Wood,Poaceae,523,6/17/2018,9/20/2022
627,Glass,Brassicaceae,276,7/26/2018,3/24/2021
628,Plexiglass,Stereocaulaceae,481,6/14/2018,1/13/2021
629,Stone,Rubiaceae,488,6/24/2018,10/27/2021
630,Glass,Rosaceae,363,2/18/2019,12/21/2022
631,Vinyl,Poaceae,173,2/12/2019,2/17/2021
632,Stone,Pteridaceae,207,11/1/2018,5/20/2021
633,Glass,Biatorellaceae,402,8/16/2018,8/31/2022
634,Vinyl,Cyperaceae,446,9/5/2018,11/5/2020
635,Plastic,Asteraceae,194,7/1/2018,2/15/2022
636,Brass,Hydrophyllaceae,820,2/15/2019,10/23/2021
637,Stone,Polytrichaceae,174,2/12/2019,10/5/2020
638,Plexiglass,Asteraceae,287,1/19/2019,6/21/2022
639,Wood,Rosaceae,754,2/4/2019,6/3/2020
640,Plastic,Fabaceae,741,6/23/2018,12/31/2020
641,Vinyl,Hydrophyllaceae,425,3/17/2019,10/10/2021
642,Steel,Asteraceae,549,3/18/2019,4/21/2022
643,Granite,Anacardiaceae,912,8/15/2018,3/30/2021
644,Steel,Asteraceae,763,11/25/2018,3/16/2021
645,Steel,Asteraceae,73,1/24/2019,12/25/2021
646,Granite,Rosaceae,939,10/19/2018,9/23/2022
647,Stone,Cactaceae,381,9/7/2018,9/10/2020
648,Stone,Arecaceae,483,6/21/2018,11/17/2021
649,Glass,Pedaliaceae,807,9/12/2018,9/2/2020
650,Wood,Orthotrichaceae,528,11/17/2018,2/23/2023
651,Vinyl,Poaceae,548,2/12/2019,6/7/2021
652,Plastic,Lamiaceae,125,9/30/2018,1/7/2022
653,Brass,Lecanoraceae,221,8/22/2018,1/27/2021
654,Plexiglass,Pterigynandraceae,70,6/9/2018,5/18/2022
655,Aluminum,Chenopodiaceae,691,2/18/2019,12/13/2022
656,Wood,Rubiaceae,868,9/9/2018,7/21/2021
657,Steel,Rhizocarpaceae,277,12/19/2018,12/12/2022
658,Steel,Asteraceae,141,2/1/2019,6/29/2020
659,Aluminum,Chenopodiaceae,668,9/11/2018,12/30/2022
660,Granite,Asteraceae,831,7/8/2018,7/7/2021
661,Brass,Poaceae,985,3/13/2019,6/7/2021
662,Plexiglass,Araceae,780,12/14/2018,5/6/2021
663,Rubber,Polygonaceae,888,3/18/2019,3/22/2022
664,Glass,Viscaceae,971,7/6/2018,1/29/2022
665,Vinyl,Commelinaceae,581,12/2/2018,1/7/2021
666,Plastic,Poaceae,23,7/9/2018,7/1/2022
667,Rubber,Asteraceae,274,10/24/2018,11/28/2020
668,Granite,Urticaceae,320,12/31/2018,11/6/2020
669,Wood,Asteraceae,995,6/11/2018,6/20/2022
670,Steel,Rutaceae,16,7/20/2018,6/5/2022
671,Rubber,Juncaginaceae,149,2/26/2019,8/25/2022
672,Wood,Caryophyllaceae,316,2/24/2019,1/18/2023
673,Brass,Isoetaceae,727,12/18/2018,6/16/2020
674,Brass,Rosaceae,301,9/9/2018,9/29/2020
675,Stone,Brassicaceae,291,12/4/2018,11/3/2022
676,Wood,Malvaceae,293,7/19/2018,3/7/2021
677,Plastic,Polygalaceae,707,2/12/2019,1/15/2022
678,Granite,Pottiaceae,482,11/17/2018,11/23/2022
679,Brass,Asteraceae,557,3/22/2019,3/2/2023
680,Glass,Polypodiaceae,963,10/5/2018,4/10/2021
681,Stone,Crossosomataceae,989,8/5/2018,8/24/2022
682,Rubber,Brassicaceae,346,8/11/2018,6/12/2022
683,Wood,Boraginaceae,128,10/20/2018,8/14/2022
684,Plexiglass,Hydrophyllaceae,684,9/13/2018,7/12/2021
685,Steel,Asteraceae,192,1/5/2019,1/14/2021
686,Steel,Poaceae,572,9/12/2018,1/7/2023
687,Stone,Rutaceae,374,9/6/2018,12/27/2020
688,Aluminum,Asclepiadaceae,690,2/12/2019,12/17/2021
689,Granite,Ericaceae,107,12/29/2018,8/25/2020
690,Stone,Apiaceae,977,11/27/2018,11/26/2021
691,Steel,Asteraceae,112,6/17/2018,11/12/2021
692,Wood,Polygonaceae,922,1/28/2019,7/21/2022
693,Wood,Lecanoraceae,568,12/18/2018,3/14/2021
694,Plexiglass,Juncaceae,767,6/27/2018,11/1/2022
695,Wood,Lichinaceae,73,10/30/2018,4/15/2022
696,Granite,Fabaceae,706,9/12/2018,12/27/2022
697,Aluminum,Asteraceae,57,6/3/2018,3/23/2022
698,Aluminum,Asteraceae,226,3/20/2019,6/17/2020
699,Steel,Polygonaceae,441,9/23/2018,9/29/2022
700,Wood,Cyperaceae,619,3/20/2019,3/1/2022
701,Stone,Lamiaceae,548,12/15/2018,6/18/2021
702,Glass,Rhamnaceae,845,6/8/2018,8/12/2021
703,Aluminum,Asteraceae,785,2/22/2019,11/27/2022
704,Wood,Scrophulariaceae,137,3/18/2019,6/8/2020
705,Aluminum,Lichinaceae,861,11/2/2018,9/22/2021
706,Plastic,Araceae,850,6/19/2018,3/21/2021
707,Steel,Cucurbitaceae,345,9/14/2018,12/19/2021
708,Granite,Marsileaceae,636,3/18/2019,2/20/2021
709,Granite,Cyperaceae,701,12/14/2018,7/23/2022
710,Vinyl,Scrophulariaceae,735,12/9/2018,7/5/2020
711,Steel,Boraginaceae,464,1/11/2019,12/21/2020
712,Plastic,Cyperaceae,761,8/16/2018,12/29/2021
713,Vinyl,Vittariaceae,411,6/24/2018,10/4/2021
714,Rubber,Asteraceae,359,9/29/2018,10/24/2021
715,Vinyl,Hydrophyllaceae,643,6/16/2018,7/10/2021
716,Aluminum,Rutaceae,224,2/20/2019,7/18/2021
717,Wood,Loganiaceae,265,2/8/2019,1/13/2021
718,Wood,Ranunculaceae,227,6/12/2018,12/14/2021
719,Plastic,Schizaeaceae,41,9/2/2018,5/6/2022
720,Wood,Asteraceae,821,3/11/2019,7/22/2020
721,Plastic,Asteraceae,825,3/15/2019,10/23/2022
722,Wood,Viscaceae,380,6/5/2018,10/31/2022
723,Plastic,Brassicaceae,364,7/8/2018,11/30/2022
724,Plastic,Asteraceae,432,2/2/2019,2/25/2022
725,Steel,Asteraceae,95,1/30/2019,8/8/2022
726,Plexiglass,Fabaceae,212,9/18/2018,4/9/2021
727,Rubber,Lichinaceae,418,10/24/2018,9/2/2020
728,Rubber,Juncaceae,543,11/10/2018,7/19/2022
729,Plexiglass,Boraginaceae,712,7/9/2018,5/20/2022
730,Rubber,Pyrenulaceae,574,7/29/2018,10/26/2022
731,Glass,Asteraceae,515,8/30/2018,1/23/2021
732,Plastic,Verrucariaceae,384,12/15/2018,2/23/2023
733,Rubber,Sarraceniaceae,163,10/16/2018,6/10/2021
734,Vinyl,Juncaceae,434,11/14/2018,8/20/2021
735,Vinyl,Asteraceae,213,6/7/2018,4/6/2022
736,Steel,Cyperaceae,801,3/12/2019,2/23/2022
737,Plastic,Scrophulariaceae,845,1/13/2019,11/2/2021
738,Vinyl,Poaceae,725,8/19/2018,8/9/2020
739,Rubber,Verrucariaceae,546,10/5/2018,1/12/2023
740,Stone,Dryopteridaceae,954,11/22/2018,8/22/2020
741,Wood,Asteraceae,692,7/4/2018,6/5/2020
742,Vinyl,Fabaceae,434,9/21/2018,1/16/2022
743,Wood,Lamiaceae,628,10/15/2018,5/12/2021
744,Aluminum,Asteraceae,510,12/20/2018,9/17/2021
745,Vinyl,Rhamnaceae,964,2/28/2019,2/6/2023
746,Stone,Ramalinaceae,240,1/18/2019,1/12/2021
747,Granite,Poaceae,949,12/10/2018,7/6/2022
748,Plastic,Asteraceae,982,12/9/2018,1/17/2022
749,Brass,Poaceae,930,9/5/2018,1/3/2023
750,Granite,Fabaceae,776,9/28/2018,10/20/2020
751,Granite,Asteraceae,151,1/2/2019,12/31/2020
752,Rubber,Malvaceae,683,6/27/2018,7/17/2022
753,Rubber,Fabaceae,960,10/14/2018,12/6/2021
754,Plexiglass,Primulaceae,549,9/27/2018,8/24/2021
755,Vinyl,Asteraceae,790,11/30/2018,5/15/2022
756,Vinyl,Pottiaceae,688,7/30/2018,6/11/2022
757,Vinyl,Asteraceae,179,9/4/2018,10/1/2020
758,Plexiglass,Caryophyllaceae,158,9/9/2018,8/17/2022
759,Brass,Poaceae,96,12/20/2018,1/5/2023
760,Brass,Fabaceae,310,7/21/2018,9/8/2022
761,Rubber,Cyperaceae,287,6/18/2018,12/29/2021
762,Aluminum,Rosaceae,438,12/27/2018,10/10/2022
763,Granite,Solanaceae,536,1/20/2019,10/27/2022
764,Rubber,Caryophyllaceae,271,10/15/2018,6/3/2021
765,Wood,Brassicaceae,746,7/25/2018,5/10/2022
766,Glass,Physciaceae,26,1/8/2019,1/18/2022
767,Granite,Geraniaceae,808,12/31/2018,12/15/2020
768,Vinyl,Brassicaceae,696,9/29/2018,7/11/2020
769,Plastic,Fagaceae,573,8/23/2018,2/7/2022
770,Brass,Rosaceae,415,3/6/2019,9/16/2021
771,Plexiglass,Polygonaceae,60,10/30/2018,2/25/2023
772,Rubber,Bryaceae,251,9/29/2018,7/15/2020
773,Steel,Cyperaceae,607,2/14/2019,7/17/2022
774,Steel,Chenopodiaceae,218,12/11/2018,11/29/2020
775,Steel,Ranunculaceae,265,3/10/2019,11/13/2022
776,Brass,Pinaceae,760,8/5/2018,11/8/2021
777,Granite,Ericaceae,715,12/14/2018,12/28/2021
778,Wood,Onagraceae,433,2/8/2019,6/10/2020
779,Plexiglass,Grossulariaceae,694,8/17/2018,11/21/2022
780,Brass,Liliaceae,527,9/15/2018,7/23/2022
781,Plexiglass,Liliaceae,921,2/27/2019,6/29/2021
782,Aluminum,Scrophulariaceae,457,7/22/2018,6/11/2020
783,Glass,Flacourtiaceae,937,6/8/2018,2/8/2021
784,Rubber,Rosaceae,930,12/31/2018,1/31/2022
785,Aluminum,Brassicaceae,606,1/4/2019,10/18/2020
786,Vinyl,Papaveraceae,195,6/15/2018,9/25/2020
787,Stone,Blechnaceae,587,8/15/2018,1/25/2022
788,Steel,Polygonaceae,728,12/4/2018,9/28/2020
789,Granite,Verbenaceae,853,11/5/2018,3/8/2023
790,Glass,Asteraceae,307,11/14/2018,3/26/2021
791,Brass,Fabaceae,741,2/16/2019,2/20/2021
792,Aluminum,Malvaceae,21,1/31/2019,11/8/2022
793,Steel,Salicaceae,408,2/8/2019,10/23/2022
794,Vinyl,Asteraceae,473,11/9/2018,3/2/2023
795,Stone,Hydrophyllaceae,580,10/19/2018,6/7/2022
796,Stone,Moraceae,534,2/19/2019,7/25/2021
797,Plexiglass,Caryophyllaceae,67,2/23/2019,9/10/2020
798,Plastic,Rosaceae,16,10/1/2018,12/31/2020
799,Glass,Cactaceae,679,10/11/2018,6/17/2021
800,Aluminum,Asteraceae,187,2/7/2019,6/2/2022
801,Brass,Asteraceae,484,10/23/2018,11/9/2020
802,Stone,Cyperaceae,87,3/25/2019,3/7/2022
803,Stone,Caprifoliaceae,195,7/30/2018,6/3/2021
804,Vinyl,Pottiaceae,85,9/4/2018,12/12/2022
805,Rubber,Plumbaginaceae,590,7/3/2018,1/4/2023
806,Stone,Lythraceae,788,9/27/2018,11/3/2022
807,Glass,Cuscutaceae,172,3/5/2019,10/19/2020
808,Glass,Acanthaceae,834,7/15/2018,11/29/2022
809,Glass,Rosaceae,261,3/6/2019,11/21/2021
810,Vinyl,Asteraceae,730,9/20/2018,6/3/2021
811,Granite,Dryopteridaceae,218,1/5/2019,6/17/2022
812,Brass,Convolvulaceae,851,6/18/2018,6/2/2022
813,Vinyl,Fabaceae,152,6/25/2018,6/21/2020
814,Glass,Piperaceae,536,7/10/2018,4/21/2021
815,Stone,Onagraceae,396,8/18/2018,11/4/2021
816,Vinyl,Proteaceae,47,10/16/2018,1/4/2022
817,Granite,Fabaceae,709,10/5/2018,1/10/2023
818,Vinyl,Malpighiaceae,830,7/18/2018,2/25/2022
819,Wood,Asteraceae,398,6/3/2018,3/15/2022
820,Wood,Lamiaceae,419,8/14/2018,1/20/2023
821,Plexiglass,Fabaceae,295,6/1/2018,9/30/2020
822,Rubber,Apiaceae,212,12/25/2018,8/16/2020
823,Vinyl,Liliaceae,40,10/18/2018,11/2/2020
824,Plexiglass,Clusiaceae,595,9/29/2018,9/22/2022
825,Plastic,Graphidaceae,756,11/4/2018,5/28/2022
826,Plastic,Brassicaceae,206,12/1/2018,8/12/2022
827,Wood,Mycocaliciaceae,475,12/3/2018,1/8/2022
828,Rubber,Rosaceae,551,12/17/2018,12/27/2022
829,Steel,Scrophulariaceae,194,1/31/2019,11/19/2020
830,Plastic,Apiaceae,711,7/10/2018,11/6/2022
831,Glass,Fabaceae,947,9/29/2018,7/15/2021
832,Glass,Poaceae,441,10/12/2018,1/12/2021
833,Brass,Ranunculaceae,497,8/28/2018,3/10/2021
834,Plexiglass,Fabaceae,154,12/5/2018,1/24/2022
835,Rubber,Asteraceae,786,12/9/2018,8/3/2020
836,Wood,Parmeliaceae,513,3/22/2019,7/7/2020
837,Plastic,Pertusariaceae,854,11/24/2018,5/6/2022
838,Brass,Malvaceae,682,8/21/2018,2/10/2021
839,Steel,Vitaceae,765,12/12/2018,4/26/2022
840,Aluminum,Caryophyllaceae,605,10/4/2018,3/20/2023
841,Plastic,Lecanoraceae,435,12/15/2018,3/30/2022
842,Wood,Fabaceae,780,6/13/2018,5/21/2021
843,Rubber,Pteridaceae,475,12/20/2018,3/18/2021
844,Vinyl,Asteraceae,129,10/11/2018,9/18/2022
845,Granite,Polemoniaceae,667,11/2/2018,6/11/2022
846,Rubber,Nyctaginaceae,130,12/15/2018,8/10/2022
847,Wood,Scrophulariaceae,997,10/24/2018,1/7/2021
848,Granite,Primulaceae,877,9/30/2018,8/13/2022
849,Stone,Polemoniaceae,809,6/3/2018,2/5/2021
850,Plexiglass,Fabaceae,492,6/18/2018,7/16/2020
851,Wood,Flacourtiaceae,489,7/17/2018,12/15/2020
852,Wood,Hydrangeaceae,595,8/26/2018,12/17/2022
853,Plastic,Poaceae,738,9/27/2018,9/12/2022
854,Rubber,Chenopodiaceae,296,9/13/2018,2/18/2022
855,Granite,Grossulariaceae,331,11/2/2018,12/8/2022
856,Brass,Crassulaceae,296,1/28/2019,8/14/2022
857,Aluminum,Lythraceae,346,11/3/2018,2/21/2021
858,Stone,Fabaceae,721,7/13/2018,10/1/2021
859,Steel,Pteridaceae,837,11/28/2018,2/19/2022
860,Rubber,Ranunculaceae,728,11/3/2018,6/19/2022
861,Wood,Poaceae,95,12/12/2018,10/2/2021
862,Granite,Fabaceae,410,11/18/2018,11/14/2022
863,Plexiglass,Brachytheciaceae,730,1/8/2019,3/6/2022
864,Stone,Solanaceae,978,7/16/2018,1/22/2023
865,Wood,Cactaceae,867,11/8/2018,12/18/2020
866,Aluminum,Fabaceae,694,8/29/2018,10/17/2020
867,Plastic,Scrophulariaceae,336,6/15/2018,12/24/2022
868,Brass,Poaceae,312,7/9/2018,6/27/2021
869,Vinyl,Asteraceae,474,11/28/2018,3/10/2021
870,Plastic,Clethraceae,208,6/22/2018,12/11/2020
871,Vinyl,Anacardiaceae,59,9/29/2018,8/8/2021
872,Aluminum,Gesneriaceae,946,7/15/2018,9/30/2020
873,Wood,Ditrichaceae,366,6/30/2018,7/25/2021
874,Steel,Encalyptaceae,574,6/19/2018,6/26/2022
875,Brass,Brassicaceae,736,3/8/2019,1/9/2023
876,Wood,Linaceae,200,11/8/2018,10/17/2020
877,Brass,Crassulaceae,591,9/10/2018,6/29/2020
878,Brass,Malvaceae,664,6/4/2018,2/24/2022
879,Plexiglass,Asteraceae,823,3/17/2019,2/3/2021
880,Glass,Cyperaceae,800,8/30/2018,1/7/2022
881,Stone,Fabaceae,596,11/10/2018,2/1/2021
882,Glass,Orchidaceae,91,3/17/2019,3/28/2022
883,Wood,Polygonaceae,325,7/8/2018,8/27/2021
884,Plexiglass,Malpighiaceae,984,12/12/2018,4/7/2021
885,Wood,Rosaceae,181,8/8/2018,1/15/2021
886,Plexiglass,Geraniaceae,719,1/21/2019,6/17/2020
887,Granite,Salicaceae,32,2/9/2019,12/9/2022
888,Wood,Sapindaceae,555,6/17/2018,6/4/2020
889,Granite,Brassicaceae,727,2/14/2019,9/30/2022
890,Glass,Fabaceae,78,8/9/2018,10/27/2021
891,Brass,Apocynaceae,443,6/13/2018,8/1/2022
892,Stone,Malpighiaceae,820,1/1/2019,9/8/2022
893,Plastic,Rosaceae,866,3/14/2019,12/4/2021
894,Stone,Asteraceae,585,9/9/2018,5/30/2022
895,Rubber,Polygonaceae,919,3/14/2019,10/11/2020
896,Stone,Polygonaceae,625,6/26/2018,8/13/2020
897,Granite,Verbenaceae,516,11/4/2018,9/27/2022
898,Plexiglass,Magnoliaceae,83,12/16/2018,10/25/2022
899,Plexiglass,Iridaceae,619,12/26/2018,4/3/2021
900,Glass,Cuscutaceae,164,10/20/2018,9/13/2020
901,Vinyl,Alismataceae,991,10/16/2018,5/29/2021
902,Rubber,Thelenellaceae,772,2/13/2019,6/29/2020
903,Brass,Asteraceae,770,1/13/2019,4/20/2022
904,Plexiglass,Rosaceae,44,2/19/2019,3/15/2021
905,Plastic,Fabaceae,349,10/1/2018,6/6/2021
906,Glass,Fabaceae,813,11/7/2018,2/2/2021
907,Wood,Ranunculaceae,314,8/10/2018,1/30/2021
908,Glass,Cladoniaceae,690,9/23/2018,5/15/2021
909,Rubber,Fabaceae,28,9/24/2018,12/31/2022
910,Aluminum,Gesneriaceae,387,3/11/2019,4/17/2021
911,Rubber,Cupressaceae,323,12/16/2018,2/25/2023
912,Granite,Dryopteridaceae,438,6/30/2018,1/20/2023
913,Vinyl,Rosaceae,517,3/14/2019,1/11/2023
914,Wood,Poaceae,747,9/28/2018,10/11/2021
915,Wood,Orchidaceae,707,6/18/2018,1/9/2022
916,Plastic,Primulaceae,934,11/11/2018,1/31/2021
917,Granite,Poaceae,69,3/23/2019,6/15/2022
918,Granite,Ranunculaceae,865,1/8/2019,8/23/2021
919,Glass,Scrophulariaceae,590,1/1/2019,9/22/2021
920,Rubber,Fabaceae,846,3/13/2019,12/10/2022
921,Granite,Amblystegiaceae,802,3/10/2019,3/23/2023
922,Plastic,Poaceae,383,10/22/2018,11/3/2022
923,Vinyl,Aristolochiaceae,936,10/11/2018,7/3/2022
924,Plexiglass,Fabaceae,755,9/3/2018,7/14/2021
925,Stone,Agavaceae,49,2/15/2019,4/22/2021
926,Rubber,Iridaceae,555,8/6/2018,12/13/2020
927,Vinyl,Malvaceae,417,12/9/2018,5/3/2021
928,Wood,Onagraceae,819,11/20/2018,7/1/2022
929,Brass,Fabaceae,727,8/9/2018,1/8/2021
930,Plastic,Betulaceae,152,9/23/2018,5/13/2022
931,Rubber,Berberidaceae,330,7/12/2018,7/18/2021
932,Wood,Thelotremataceae,922,12/17/2018,6/23/2020
933,Stone,Verbenaceae,127,6/1/2018,9/21/2022
934,Stone,Parmeliaceae,674,12/30/2018,8/11/2020
935,Brass,Celastraceae,721,7/30/2018,1/21/2022
936,Wood,Asteraceae,675,6/3/2018,12/20/2021
937,Plastic,Lecideaceae,295,11/19/2018,12/15/2021
938,Glass,Fabaceae,13,1/10/2019,8/28/2020
939,Stone,Aspleniaceae,431,6/17/2018,11/6/2022
940,Vinyl,Orchidaceae,20,8/21/2018,1/13/2023
941,Granite,Scrophulariaceae,574,8/21/2018,4/27/2022
942,Granite,Ranunculaceae,909,8/6/2018,7/21/2020
943,Vinyl,Brassicaceae,799,6/10/2018,3/1/2022
944,Stone,Loasaceae,563,10/8/2018,1/30/2023
945,Aluminum,Cyperaceae,168,10/8/2018,11/13/2020
946,Stone,Araceae,840,12/2/2018,2/19/2021
947,Rubber,Najadaceae,687,2/20/2019,8/18/2020
948,Glass,Saxifragaceae,200,8/16/2018,7/1/2022
949,Plexiglass,Casuarinaceae,786,11/7/2018,6/4/2020
950,Vinyl,Polypodiaceae,34,10/28/2018,8/6/2020
951,Rubber,Asclepiadaceae,604,7/9/2018,12/3/2022
952,Plastic,Poaceae,348,7/1/2018,10/19/2021
953,Stone,Asteraceae,226,6/13/2018,12/7/2020
954,Aluminum,Rutaceae,558,8/18/2018,2/25/2023
955,Wood,Cyperaceae,878,10/25/2018,7/24/2020
956,Plastic,Cucurbitaceae,343,8/16/2018,8/14/2021
957,Plexiglass,Selaginellaceae,744,7/2/2018,8/15/2020
958,Glass,Asclepiadaceae,974,6/27/2018,2/21/2021
959,Granite,Agavaceae,527,6/13/2018,11/11/2020
960,Brass,Asteraceae,532,10/7/2018,7/6/2020
961,Granite,Apocynaceae,981,11/18/2018,9/1/2021
962,Glass,Rosaceae,159,12/2/2018,10/26/2020
963,Brass,Malvaceae,826,10/28/2018,11/5/2020
964,Plexiglass,Poaceae,180,1/16/2019,3/14/2021
965,Stone,Gentianaceae,868,9/21/2018,2/9/2022
966,Granite,Rubiaceae,807,2/20/2019,2/2/2021
967,Vinyl,Lamiaceae,595,12/3/2018,3/31/2021
968,Plastic,Strigulaceae,261,11/21/2018,1/28/2023
969,Vinyl,Lamiaceae,133,7/6/2018,8/7/2020
970,Vinyl,Sphagnaceae,620,6/23/2018,7/29/2020
971,Plexiglass,Asteraceae,236,9/15/2018,9/1/2021
972,Steel,Salicaceae,198,7/15/2018,7/13/2022
973,Aluminum,Asteraceae,602,2/19/2019,2/25/2023
974,Stone,Turneraceae,957,3/11/2019,9/14/2022
975,Rubber,Lichinaceae,142,11/3/2018,5/22/2021
976,Stone,Malvaceae,897,8/24/2018,7/30/2022
977,Glass,Scrophulariaceae,102,1/3/2019,11/3/2022
978,Steel,Polygonaceae,876,7/12/2018,11/12/2022
979,Aluminum,Fagaceae,785,9/17/2018,2/1/2023
980,Plastic,Fabaceae,694,7/6/2018,6/18/2022
981,Aluminum,Asteraceae,839,9/4/2018,2/22/2022
982,Rubber,Scrophulariaceae,178,12/5/2018,7/4/2020
983,Aluminum,Nephromataceae,952,6/8/2018,6/8/2021
984,Plexiglass,Asteraceae,835,10/15/2018,6/21/2021
985,Steel,Cyperaceae,696,3/24/2019,8/13/2021
986,Granite,Asteraceae,633,7/9/2018,6/2/2020
987,Granite,Acanthaceae,901,9/24/2018,12/5/2022
988,Granite,Adoxaceae,768,11/19/2018,10/3/2020
989,Wood,Valerianaceae,369,12/26/2018,8/28/2021
990,Granite,Rosaceae,584,1/16/2019,4/25/2021
991,Plexiglass,Liliaceae,530,9/11/2018,6/10/2022
992,Vinyl,Asteraceae,823,7/14/2018,8/13/2020
993,Aluminum,Malvaceae,38,11/6/2018,11/21/2021
994,Plexiglass,Asteraceae,133,9/24/2018,8/17/2021
995,Brass,Liliaceae,718,7/16/2018,5/12/2022
996,Granite,Myoporaceae,436,10/9/2018,1/7/2023
997,Rubber,Iridaceae,113,11/18/2018,8/14/2021
998,Stone,Lamiaceae,648,3/9/2019,4/25/2021
999,Granite,Hydrophyllaceae,369,9/17/2018,2/15/2023
1000,Stone,Grossulariaceae,975,11/21/2018,12/17/2022
